{
    "text_block": {
        "all": {
            "Edit_dist": {
                "ALL_page_avg": 0.18626272323329632,
                "edit_whole": 0.3541391422034608,
                "edit_sample_avg": 0.3409402859514415
            }
        },
        "group": {
            "sample_count": {}
        },
        "page": {
            "Edit_dist": {
                "ALL": 0.18626272323329632,
                "None": 0.24371677284734114,
                "colorful_backgroud": 0.16268765327248064,
                "data_source: PPT2PDF": 0.014705882352941176,
                "data_source: academic_literature": 0.21076799341613048,
                "data_source: book": 0.14396045836183224,
                "data_source: colorful_textbook": 0.13450442592233638,
                "data_source: exam_paper": 0.38828439908096146,
                "data_source: magazine": 0.0463984027031178,
                "data_source: newspaper": 0.4821652926722394,
                "data_source: note": 0.06151635842451972,
                "data_source: research_report": 0.1940612961655881,
                "fuzzy_scan": 0.13450442592233638,
                "language: en_ch_mixed": 0.04426559356136821,
                "language: english": 0.2110790097797389,
                "language: simplified_chinese": 0.1830910356179793,
                "layout: 1andmore_column": 0.26073384189197935,
                "layout: double_column": 0.09983162215561357,
                "layout: other_layout": 0.4634683677971373,
                "layout: single_column": 0.15391681325244125,
                "layout: three_column": 0.11974679092667487
            }
        }
    },
    "table": {
        "all": {
            "TEDS": {
                "all": 0.7865334316996274
            },
            "TEDS_structure_only": {
                "all": 0.8475422893295249
            },
            "Edit_dist": {
                "ALL_page_avg": 0.1670592540352124,
                "edit_whole": 0.20521647027671125,
                "edit_sample_avg": 0.15955665860926763
            }
        },
        "group": {
            "sample_count": {}
        },
        "page": {
            "Edit_dist": {
                "ALL": 0.1670592540352124,
                "colorful_backgroud": 0.295836561099719,
                "data_source: academic_literature": 0.2154377880184332,
                "data_source: book": 0.1733149931224209,
                "data_source: colorful_textbook": 0.5480367585630743,
                "data_source: exam_paper": 0.04363636363636364,
                "data_source: magazine": 0.08053691275167785,
                "data_source: note": 0.012392906251101787,
                "data_source: research_report": 0.2088923288613691,
                "fuzzy_scan": 0.5480367585630743,
                "language: en_ch_mixed": 0.01593625498007968,
                "language: english": 0.2690369700726237,
                "language: simplified_chinese": 0.13609722422379217,
                "layout: 1andmore_column": 0.049595959595959596,
                "layout: double_column": 0.2154377880184332,
                "layout: other_layout": 0.08053691275167785,
                "layout: single_column": 0.2216733332709763
            },
            "TEDS": {
                "ALL": 0.7783815725807848,
                "colorful_backgroud": 0.5955882352941176,
                "data_source: academic_literature": 0.704938584629254,
                "data_source: book": 0.8707482993197279,
                "data_source: colorful_textbook": 0.25,
                "data_source: exam_paper": 0.9411764705882353,
                "data_source: magazine": 0.8465277777777778,
                "data_source: note": 0.9660714285714286,
                "data_source: research_report": 0.7299500818846056,
                "fuzzy_scan": 0.25,
                "language: en_ch_mixed": 0.9564484126984127,
                "language: english": 0.6320383517391631,
                "language: simplified_chinese": 0.8305741370622324,
                "layout: 1andmore_column": 0.9005383171787233,
                "layout: double_column": 0.704938584629254,
                "layout: other_layout": 0.8465277777777778,
                "layout: single_column": 0.730578231292517
            },
            "TEDS_structure_only": {
                "ALL": 0.8306025436994722,
                "colorful_backgroud": 0.6005882352941176,
                "data_source: academic_literature": 0.9425287356321839,
                "data_source: book": 0.8775510204081632,
                "data_source: colorful_textbook": 0.26,
                "data_source: exam_paper": 0.9411764705882353,
                "data_source: magazine": 0.8541666666666666,
                "data_source: note": 1.0,
                "data_source: research_report": 0.8,
                "fuzzy_scan": 0.26,
                "language: en_ch_mixed": 1.0,
                "language: english": 0.714568402073473,
                "language: simplified_chinese": 0.8663435374149661,
                "layout: 1andmore_column": 0.9705882352941176,
                "layout: double_column": 0.9425287356321839,
                "layout: other_layout": 0.8541666666666666,
                "layout: single_column": 0.7475102040816326
            }
        }
    },
    "reading_order": {
        "all": {
            "Edit_dist": {
                "ALL_page_avg": 0.1702115158636898,
                "edit_whole": 0.3769230769230769,
                "edit_sample_avg": 0.17021151586368977
            }
        },
        "group": {
            "sample_count": {}
        },
        "page": {
            "Edit_dist": {
                "ALL": 0.17021151586368977,
                "None": 0.17552334943639292,
                "colorful_backgroud": 0.1111111111111111,
                "data_source: PPT2PDF": 0.0,
                "data_source: academic_literature": 0.21884057971014492,
                "data_source: book": 0.16666666666666666,
                "data_source: colorful_textbook": 0.1111111111111111,
                "data_source: exam_paper": 0.0,
                "data_source: magazine": 0.3333333333333333,
                "data_source: newspaper": 0.4797297297297297,
                "data_source: note": 0.0,
                "data_source: research_report": 0.2222222222222222,
                "fuzzy_scan": 0.1111111111111111,
                "language: en_ch_mixed": 0.0,
                "language: english": 0.06252587991718427,
                "language: simplified_chinese": 0.2626126126126126,
                "layout: 1andmore_column": 0.2222222222222222,
                "layout: double_column": 0.25555555555555554,
                "layout: other_layout": 0.4797297297297297,
                "layout: single_column": 0.07085346215780998,
                "layout: three_column": 0.0
            }
        }
    }
}