{
    "notes_f7f010b78016aeebd76e56d9283eb67f_49.jpg_[0]": {
        "TEDS": 0.9564484126984127,
        "TEDS_structure_only": 1.0
    },
    "notes_1ba14cb325bc448f7201b20502ecf2b5_15.jpg_[0]": {
        "TEDS": 0.9756944444444444,
        "TEDS_structure_only": 1.0
    },
    "yanbaopptmerge_0c79d327060dbf9f1582d03c235dadb039533a19091d2c0d24f2ad95d267f79b.pdf_2.jpg_[0]": {
        "TEDS": 0.6,
        "TEDS_structure_only": 0.6
    },
    "docstructbench_llm-raw-scihub-o.O-j.chroma.2005.05.085.pdf_4.jpg_[0]": {
        "TEDS": 0.704938584629254,
        "TEDS_structure_only": 0.9425287356321839
    },
    "jiaocaineedrop_jiaocai_needrop_en_1898.jpg_[0]": {
        "TEDS": 0.25,
        "TEDS_structure_only": 0.26
    },
    "docstructbench_dianzishu_zhongwenzaixian-o.O-61520814.pdf_185.jpg_[0]": {
        "TEDS": 0.8465277777777778,
        "TEDS_structure_only": 0.8541666666666666
    },
    "eastmoney_62b4149b1612ce28d20f26cd5c5b2e18f80b26fca6e4452e090376a2fe72eae3.pdf_0.jpg_[0]": {
        "TEDS": 0.7220679012345679,
        "TEDS_structure_only": 1.0
    },
    "eastmoney_62b4149b1612ce28d20f26cd5c5b2e18f80b26fca6e4452e090376a2fe72eae3.pdf_0.jpg_[1]": {
        "TEDS": 0.9977324263038548,
        "TEDS_structure_only": 1.0
    },
    "docstructbench_dianzishu_zhongwenzaixian-o.O-61522235.pdf_170.jpg_[0]": {
        "TEDS": 0.8707482993197279,
        "TEDS_structure_only": 0.8775510204081632
    },
    "jiaocaineedrop_Chapter9.pdf_46.jpg_[0]": {
        "TEDS": 0.9411764705882353,
        "TEDS_structure_only": 0.9411764705882353
    }
}